{
    "hasTaste": false,
    "code": 200,
    "category": 0,
    "result": [{
        "id": 638864394,
        "type": 0,
        "name": "国产HipHop从地下到地上",
        "copywriter": "",
        "picUrl": "https://p1.music.126.net/t97_FTCUQsFJrh-gSE33_g==/109951167665585892.jpg",
        "canDislike": true,
        "trackNumberUpdateTime": 1666168364105,
        "playCount": 39150800,
        "trackCount": 650,
        "highQuality": false,
        "alg": "alg_high_quality"
    }, {
        "id": 2900343697,
        "type": 0,
        "name": "[一周影视热歌] 房东的猫献唱《去你家吃饭好吗2》",
        "copywriter": "",
        "picUrl": "https://p1.music.126.net/2op48UnhIFpoo3zUJjxkwg==/109951167962216976.jpg",
        "canDislike": true,
        "trackNumberUpdateTime": 1665698400000,
        "playCount": 24267546,
        "trackCount": 30,
        "highQuality": false,
        "alg": "alg_high_quality"
    }, {
        "id": 367649303,
        "type": 0,
        "name": "【B.G.M.】游戏必备战歌",
        "copywriter": "",
        "picUrl": "https://p1.music.126.net/mqTKX_-Llqif4oFJkfWpRw==/109951164206445553.jpg",
        "canDislike": true,
        "trackNumberUpdateTime": 1664604092979,
        "playCount": 36556336,
        "trackCount": 111,
        "highQuality": false,
        "alg": "alg_high_quality"
    }, {
        "id": 645384312,
        "type": 0,
        "name": "不得了！这些英文歌的热评信息量好大……",
        "copywriter": "",
        "picUrl": "https://p1.music.126.net/Izq2rrMzKPNaxmgg0O0KNA==/19155691579189685.jpg",
        "canDislike": true,
        "trackNumberUpdateTime": 1515554115534,
        "playCount": 31434258,
        "trackCount": 63,
        "highQuality": true,
        "alg": "alg_high_quality"
    }, {
        "id": 2235097256,
        "type": 0,
        "name": "〖纯音乐〗轻旋淡律，也可以抓住你的耳朵",
        "copywriter": "",
        "picUrl": "https://p1.music.126.net/7yf2kfPh7wlMGC-d-3AEsw==/109951163309396149.jpg",
        "canDislike": true,
        "trackNumberUpdateTime": 1665141522571,
        "playCount": 30545192,
        "trackCount": 212,
        "highQuality": false,
        "alg": "alg_high_quality"
    }, {
        "id": 2547050034,
        "type": 0,
        "name": "试着做个善良的人",
        "copywriter": "",
        "picUrl": "https://p1.music.126.net/XyoVPk4TPfZpRxDfBFqXZw==/109951163944520221.jpg",
        "canDislike": true,
        "trackNumberUpdateTime": 1597080000987,
        "playCount": 23317632,
        "trackCount": 111,
        "highQuality": false,
        "alg": "alg_high_quality"
    }, {
        "id": 863956318,
        "type": 0,
        "name": "50部爱情电影，50种浓情蜜意",
        "copywriter": "",
        "picUrl": "https://p1.music.126.net/SBEm15YRlBj9vnYQhAimrA==/109951162990572542.jpg",
        "canDislike": true,
        "trackNumberUpdateTime": 1555234122725,
        "playCount": 36376912,
        "trackCount": 50,
        "highQuality": false,
        "alg": "alg_high_quality"
    }, {
        "id": 128871831,
        "type": 0,
        "name": "不让你通宵循环的电音不是好电音",
        "copywriter": "",
        "picUrl": "https://p1.music.126.net/uFWcdYyjcqvM5JFZ5nsPGw==/1365593453032084.jpg",
        "canDislike": true,
        "trackNumberUpdateTime": 1622107703878,
        "playCount": 38128048,
        "trackCount": 53,
        "highQuality": false,
        "alg": "alg_high_quality"
    }, {
        "id": 596729952,
        "type": 0,
        "name": "「粤语」人世间所有的相遇 都是久别重逢",
        "copywriter": "",
        "picUrl": "https://p1.music.126.net/ReRkyVpcqeKCzxTVUvENAg==/109951162857949886.jpg",
        "canDislike": true,
        "trackNumberUpdateTime": 1666171368623,
        "playCount": 30707278,
        "trackCount": 232,
        "highQuality": false,
        "alg": "alg_high_quality"
    }, {
        "id": 2229469033,
        "type": 0,
        "name": "「纯音乐」你偶尔需要安静的发泄",
        "copywriter": "",
        "picUrl": "https://p1.music.126.net/QCtK5ro1zrnXFmjLUIW4qg==/109951167308852599.jpg",
        "canDislike": true,
        "trackNumberUpdateTime": 1664968404992,
        "playCount": 24353204,
        "trackCount": 145,
        "highQuality": false,
        "alg": "alg_high_quality"
    }]
}